event-id,visible,timestamp,location-long,location-lat,sensor-type,individual-taxon-canonical-name,tag-local-identifier,individual-local-identifier,study-name
1631311065,true,2013-11-29 10:16:00.000,-46.74689038961038,-22.96617651018474,"radio-transmitter","Turdus rufiventris","1163","1","Radio telemetry study involving two species of birds of the genus Turdus sp. in Brazil. (Da Silveira et al., 2016 - PlosONE)"
1631311066,true,2013-11-29 10:47:00.000,-46.74415130041589,-22.967037480949067,"radio-transmitter","Turdus rufiventris","1163","1","Radio telemetry study involving two species of birds of the genus Turdus sp. in Brazil. (Da Silveira et al., 2016 - PlosONE)"
1631311067,true,2013-11-29 11:02:00.000,-46.74436966265006,-22.966574520027834,"radio-transmitter","Turdus rufiventris","1163","1","Radio telemetry study involving two species of birds of the genus Turdus sp. in Brazil. (Da Silveira et al., 2016 - PlosONE)"
1631311068,true,2013-11-29 11:17:00.000,-46.74515718145215,-22.965626675044046,"radio-transmitter","Turdus rufiventris","1163","1","Radio telemetry study involving two species of birds of the genus Turdus sp. in Brazil. (Da Silveira et al., 2016 - PlosONE)"
1631311069,true,2013-11-29 11:35:00.000,-46.744917915955504,-22.96674006672648,"radio-transmitter","Turdus rufiventris","1163","1","Radio telemetry study involving two species of birds of the genus Turdus sp. in Brazil. (Da Silveira et al., 2016 - PlosONE)"
1631311070,true,2013-11-29 11:41:00.000,-46.74481424880163,-22.967021154896504,"radio-transmitter","Turdus rufiventris","1163","1","Radio telemetry study involving two species of birds of the genus Turdus sp. in Brazil. (Da Silveira et al., 2016 - PlosONE)"
1631311071,true,2013-11-29 11:53:00.000,-46.744169199071706,-22.966152289680117,"radio-transmitter","Turdus rufiventris","1163","1","Radio telemetry study involving two species of birds of the genus Turdus sp. in Brazil. (Da Silveira et al., 2016 - PlosONE)"
1631311072,true,2013-11-29 12:10:00.000,-46.744892256342155,-22.96702029627045,"radio-transmitter","Turdus rufiventris","1163","1","Radio telemetry study involving two species of birds of the genus Turdus sp. in Brazil. (Da Silveira et al., 2016 - PlosONE)"
1631311073,true,2014-02-22 10:01:00.000,-46.75222706226874,-22.952725329858154,"radio-transmitter","Turdus leucomelas","1203","2","Radio telemetry study involving two species of birds of the genus Turdus sp. in Brazil. (Da Silveira et al., 2016 - PlosONE)"
1631311074,true,2014-02-22 10:15:00.000,-46.751262071829004,-22.953512615136184,"radio-transmitter","Turdus leucomelas","1203","2","Radio telemetry study involving two species of birds of the genus Turdus sp. in Brazil. (Da Silveira et al., 2016 - PlosONE)"
1631311075,true,2014-02-22 10:30:00.000,-46.75136096638518,-22.953619889597807,"radio-transmitter","Turdus leucomelas","1203","2","Radio telemetry study involving two species of birds of the genus Turdus sp. in Brazil. (Da Silveira et al., 2016 - PlosONE)"
1631311076,true,2014-02-22 11:00:00.000,-46.750015490905206,-22.95515187400179,"radio-transmitter","Turdus leucomelas","1203","2","Radio telemetry study involving two species of birds of the genus Turdus sp. in Brazil. (Da Silveira et al., 2016 - PlosONE)"
1631311077,true,2014-02-22 11:15:00.000,-46.750832868829605,-22.95501642440858,"radio-transmitter","Turdus leucomelas","1203","2","Radio telemetry study involving two species of birds of the genus Turdus sp. in Brazil. (Da Silveira et al., 2016 - PlosONE)"
1631311078,true,2014-02-22 11:30:00.000,-46.75142506377578,-22.954811213404184,"radio-transmitter","Turdus leucomelas","1203","2","Radio telemetry study involving two species of birds of the genus Turdus sp. in Brazil. (Da Silveira et al., 2016 - PlosONE)"
1631311079,true,2014-02-22 11:45:00.000,-46.75221888771066,-22.955118513384583,"radio-transmitter","Turdus leucomelas","1203","2","Radio telemetry study involving two species of birds of the genus Turdus sp. in Brazil. (Da Silveira et al., 2016 - PlosONE)"
1631311080,true,2014-02-22 12:00:00.000,-46.7490595282261,-22.956643430336225,"radio-transmitter","Turdus leucomelas","1203","2","Radio telemetry study involving two species of birds of the genus Turdus sp. in Brazil. (Da Silveira et al., 2016 - PlosONE)"
1631311081,true,2014-02-22 12:15:00.000,-46.75044285532124,-22.95426216393383,"radio-transmitter","Turdus leucomelas","1203","2","Radio telemetry study involving two species of birds of the genus Turdus sp. in Brazil. (Da Silveira et al., 2016 - PlosONE)"
1631311082,true,2014-02-22 12:45:00.000,-46.75282005948031,-22.952583319113764,"radio-transmitter","Turdus leucomelas","1203","2","Radio telemetry study involving two species of birds of the genus Turdus sp. in Brazil. (Da Silveira et al., 2016 - PlosONE)"
1631311083,true,2014-02-22 13:25:00.000,-46.752493472348014,-22.953724776251953,"radio-transmitter","Turdus leucomelas","1203","2","Radio telemetry study involving two species of birds of the genus Turdus sp. in Brazil. (Da Silveira et al., 2016 - PlosONE)"
1631311084,true,2014-02-22 16:30:00.000,-46.751964862190434,-22.952809501357468,"radio-transmitter","Turdus leucomelas","1203","2","Radio telemetry study involving two species of birds of the genus Turdus sp. in Brazil. (Da Silveira et al., 2016 - PlosONE)"
1631311085,true,2014-02-22 16:45:00.000,-46.751640441538584,-22.952605382253612,"radio-transmitter","Turdus leucomelas","1203","2","Radio telemetry study involving two species of birds of the genus Turdus sp. in Brazil. (Da Silveira et al., 2016 - PlosONE)"
1631311086,true,2014-02-22 17:00:00.000,-46.75204935467091,-22.952555712800176,"radio-transmitter","Turdus leucomelas","1203","2","Radio telemetry study involving two species of birds of the genus Turdus sp. in Brazil. (Da Silveira et al., 2016 - PlosONE)"
1631311087,true,2014-03-02 10:00:00.000,-46.75059201069859,-22.954486281198122,"radio-transmitter","Turdus leucomelas","1203","2","Radio telemetry study involving two species of birds of the genus Turdus sp. in Brazil. (Da Silveira et al., 2016 - PlosONE)"
1631311088,true,2014-03-02 10:10:00.000,-46.74964102560252,-22.953331834977128,"radio-transmitter","Turdus leucomelas","1203","2","Radio telemetry study involving two species of birds of the genus Turdus sp. in Brazil. (Da Silveira et al., 2016 - PlosONE)"
1631311089,true,2014-03-02 10:45:00.000,-46.75269817459532,-22.952205383426705,"radio-transmitter","Turdus leucomelas","1203","2","Radio telemetry study involving two species of birds of the genus Turdus sp. in Brazil. (Da Silveira et al., 2016 - PlosONE)"
1631311090,true,2014-03-02 10:55:00.000,-46.75275248515574,-22.95187968377342,"radio-transmitter","Turdus leucomelas","1203","2","Radio telemetry study involving two species of birds of the genus Turdus sp. in Brazil. (Da Silveira et al., 2016 - PlosONE)"
1631311091,true,2014-03-02 11:15:00.000,-46.75357624192893,-22.952240830197997,"radio-transmitter","Turdus leucomelas","1203","2","Radio telemetry study involving two species of birds of the genus Turdus sp. in Brazil. (Da Silveira et al., 2016 - PlosONE)"
1631311092,true,2014-03-02 11:25:00.000,-46.75406734322956,-22.952515346179222,"radio-transmitter","Turdus leucomelas","1203","2","Radio telemetry study involving two species of birds of the genus Turdus sp. in Brazil. (Da Silveira et al., 2016 - PlosONE)"
1631311093,true,2014-03-02 11:35:00.000,-46.75383960394008,-22.952246948650767,"radio-transmitter","Turdus leucomelas","1203","2","Radio telemetry study involving two species of birds of the genus Turdus sp. in Brazil. (Da Silveira et al., 2016 - PlosONE)"
1631311094,true,2014-03-02 11:45:00.000,-46.75436321608254,-22.95277395913487,"radio-transmitter","Turdus leucomelas","1203","2","Radio telemetry study involving two species of birds of the genus Turdus sp. in Brazil. (Da Silveira et al., 2016 - PlosONE)"
1631311095,true,2014-03-02 11:55:00.000,-46.75449350870402,-22.95153533459168,"radio-transmitter","Turdus leucomelas","1203","2","Radio telemetry study involving two species of birds of the genus Turdus sp. in Brazil. (Da Silveira et al., 2016 - PlosONE)"
1631311096,true,2014-03-02 12:05:00.000,-46.75304149966515,-22.955389368819045,"radio-transmitter","Turdus leucomelas","1203","2","Radio telemetry study involving two species of birds of the genus Turdus sp. in Brazil. (Da Silveira et al., 2016 - PlosONE)"
1631311097,true,2014-03-02 12:30:00.000,-46.7524918436115,-22.953598366693058,"radio-transmitter","Turdus leucomelas","1203","2","Radio telemetry study involving two species of birds of the genus Turdus sp. in Brazil. (Da Silveira et al., 2016 - PlosONE)"
1631311098,true,2014-03-02 12:50:00.000,-46.74874543008704,-22.955725778338454,"radio-transmitter","Turdus leucomelas","1203","2","Radio telemetry study involving two species of birds of the genus Turdus sp. in Brazil. (Da Silveira et al., 2016 - PlosONE)"
1631311099,true,2014-03-02 13:00:00.000,-46.752313574375414,-22.954142168908852,"radio-transmitter","Turdus leucomelas","1203","2","Radio telemetry study involving two species of birds of the genus Turdus sp. in Brazil. (Da Silveira et al., 2016 - PlosONE)"
1631311100,true,2014-03-02 13:20:00.000,-46.75230126518212,-22.9539436330353,"radio-transmitter","Turdus leucomelas","1203","2","Radio telemetry study involving two species of birds of the genus Turdus sp. in Brazil. (Da Silveira et al., 2016 - PlosONE)"
1631311101,true,2014-03-02 13:30:00.000,-46.75272979821621,-22.953902775396,"radio-transmitter","Turdus leucomelas","1203","2","Radio telemetry study involving two species of birds of the genus Turdus sp. in Brazil. (Da Silveira et al., 2016 - PlosONE)"
1631311102,true,2014-03-02 13:40:00.000,-46.75179868605909,-22.954292345869636,"radio-transmitter","Turdus leucomelas","1203","2","Radio telemetry study involving two species of birds of the genus Turdus sp. in Brazil. (Da Silveira et al., 2016 - PlosONE)"
1631311103,true,2014-03-02 15:00:00.000,-46.753085866026474,-22.95277905308503,"radio-transmitter","Turdus leucomelas","1203","2","Radio telemetry study involving two species of birds of the genus Turdus sp. in Brazil. (Da Silveira et al., 2016 - PlosONE)"
1631311104,true,2014-03-03 11:00:00.000,-46.75313592145804,-22.953636400899562,"radio-transmitter","Turdus leucomelas","1203","2","Radio telemetry study involving two species of birds of the genus Turdus sp. in Brazil. (Da Silveira et al., 2016 - PlosONE)"
1631311105,true,2014-03-03 11:20:00.000,-46.752455613737276,-22.95305693462113,"radio-transmitter","Turdus leucomelas","1203","2","Radio telemetry study involving two species of birds of the genus Turdus sp. in Brazil. (Da Silveira et al., 2016 - PlosONE)"
1631311106,true,2014-03-03 11:30:00.000,-46.75165765100007,-22.953941712546285,"radio-transmitter","Turdus leucomelas","1203","2","Radio telemetry study involving two species of birds of the genus Turdus sp. in Brazil. (Da Silveira et al., 2016 - PlosONE)"
1631311107,true,2014-03-03 11:40:00.000,-46.75172252842795,-22.95367911023487,"radio-transmitter","Turdus leucomelas","1203","2","Radio telemetry study involving two species of birds of the genus Turdus sp. in Brazil. (Da Silveira et al., 2016 - PlosONE)"
1631311108,true,2014-03-03 11:50:00.000,-46.751595331567074,-22.954402958510613,"radio-transmitter","Turdus leucomelas","1203","2","Radio telemetry study involving two species of birds of the genus Turdus sp. in Brazil. (Da Silveira et al., 2016 - PlosONE)"
1631311109,true,2014-03-03 12:10:00.000,-46.75176631489354,-22.954807444294634,"radio-transmitter","Turdus leucomelas","1203","2","Radio telemetry study involving two species of birds of the genus Turdus sp. in Brazil. (Da Silveira et al., 2016 - PlosONE)"
1631311110,true,2014-03-03 12:20:00.000,-46.751987172725464,-22.953784553421325,"radio-transmitter","Turdus leucomelas","1203","2","Radio telemetry study involving two species of birds of the genus Turdus sp. in Brazil. (Da Silveira et al., 2016 - PlosONE)"
1631311111,true,2014-03-03 12:30:00.000,-46.75199008038056,-22.954010284830833,"radio-transmitter","Turdus leucomelas","1203","2","Radio telemetry study involving two species of birds of the genus Turdus sp. in Brazil. (Da Silveira et al., 2016 - PlosONE)"
1631311112,true,2014-03-03 12:50:00.000,-46.75255232107215,-22.95375121756733,"radio-transmitter","Turdus leucomelas","1203","2","Radio telemetry study involving two species of birds of the genus Turdus sp. in Brazil. (Da Silveira et al., 2016 - PlosONE)"
1631311113,true,2014-03-03 13:30:00.000,-46.7519797488772,-22.953965246258484,"radio-transmitter","Turdus leucomelas","1203","2","Radio telemetry study involving two species of birds of the genus Turdus sp. in Brazil. (Da Silveira et al., 2016 - PlosONE)"
1631311114,true,2014-03-03 13:50:00.000,-46.752091302162675,-22.95429814388463,"radio-transmitter","Turdus leucomelas","1203","2","Radio telemetry study involving two species of birds of the genus Turdus sp. in Brazil. (Da Silveira et al., 2016 - PlosONE)"
1631311115,true,2014-03-03 14:00:00.000,-46.751857302320715,-22.954300728921222,"radio-transmitter","Turdus leucomelas","1203","2","Radio telemetry study involving two species of birds of the genus Turdus sp. in Brazil. (Da Silveira et al., 2016 - PlosONE)"
1631311116,true,2014-03-03 14:10:00.000,-46.75033447663435,-22.95644875209019,"radio-transmitter","Turdus leucomelas","1203","2","Radio telemetry study involving two species of birds of the genus Turdus sp. in Brazil. (Da Silveira et al., 2016 - PlosONE)"
1631311117,true,2014-03-03 14:20:00.000,-46.751033813812015,-22.95623332906146,"radio-transmitter","Turdus leucomelas","1203","2","Radio telemetry study involving two species of birds of the genus Turdus sp. in Brazil. (Da Silveira et al., 2016 - PlosONE)"
1631311118,true,2014-04-05 10:02:00.000,-46.75328560890955,-22.952388531934833,"radio-transmitter","Turdus leucomelas","1203","2","Radio telemetry study involving two species of birds of the genus Turdus sp. in Brazil. (Da Silveira et al., 2016 - PlosONE)"
1631311119,true,2014-04-05 10:45:00.000,-46.74832259293832,-22.947864826472205,"radio-transmitter","Turdus leucomelas","1203","2","Radio telemetry study involving two species of birds of the genus Turdus sp. in Brazil. (Da Silveira et al., 2016 - PlosONE)"
1631311120,true,2014-04-05 11:05:00.000,-46.75392103605017,-22.95099983402714,"radio-transmitter","Turdus leucomelas","1203","2","Radio telemetry study involving two species of birds of the genus Turdus sp. in Brazil. (Da Silveira et al., 2016 - PlosONE)"
1631311121,true,2014-04-05 11:15:00.000,-46.753079324212045,-22.95151484988677,"radio-transmitter","Turdus leucomelas","1203","2","Radio telemetry study involving two species of birds of the genus Turdus sp. in Brazil. (Da Silveira et al., 2016 - PlosONE)"
1631311122,true,2014-04-05 12:20:00.000,-46.753018871985944,-22.952120564232917,"radio-transmitter","Turdus leucomelas","1203","2","Radio telemetry study involving two species of birds of the genus Turdus sp. in Brazil. (Da Silveira et al., 2016 - PlosONE)"
1631311123,true,2014-04-05 12:30:00.000,-46.75295329945758,-22.95232899140225,"radio-transmitter","Turdus leucomelas","1203","2","Radio telemetry study involving two species of birds of the genus Turdus sp. in Brazil. (Da Silveira et al., 2016 - PlosONE)"
1631311124,true,2014-04-05 12:54:00.000,-46.7527882739137,-22.95314356385528,"radio-transmitter","Turdus leucomelas","1203","2","Radio telemetry study involving two species of birds of the genus Turdus sp. in Brazil. (Da Silveira et al., 2016 - PlosONE)"
1631311125,true,2014-04-05 13:04:00.000,-46.75257594145678,-22.951800359819117,"radio-transmitter","Turdus leucomelas","1203","2","Radio telemetry study involving two species of birds of the genus Turdus sp. in Brazil. (Da Silveira et al., 2016 - PlosONE)"
1631311126,true,2014-04-05 13:14:00.000,-46.752394533660336,-22.95210037215972,"radio-transmitter","Turdus leucomelas","1203","2","Radio telemetry study involving two species of birds of the genus Turdus sp. in Brazil. (Da Silveira et al., 2016 - PlosONE)"
1631311127,true,2014-04-05 13:54:00.000,-46.75204292008611,-22.95054197268979,"radio-transmitter","Turdus leucomelas","1203","2","Radio telemetry study involving two species of birds of the genus Turdus sp. in Brazil. (Da Silveira et al., 2016 - PlosONE)"
1631311128,true,2014-04-05 16:00:00.000,-46.75265801182804,-22.95211552185113,"radio-transmitter","Turdus leucomelas","1203","2","Radio telemetry study involving two species of birds of the genus Turdus sp. in Brazil. (Da Silveira et al., 2016 - PlosONE)"
1631311129,true,2014-04-05 16:10:00.000,-46.75253913060637,-22.951213781356905,"radio-transmitter","Turdus leucomelas","1203","2","Radio telemetry study involving two species of birds of the genus Turdus sp. in Brazil. (Da Silveira et al., 2016 - PlosONE)"
1631311130,true,2014-04-05 16:20:00.000,-46.75204766932955,-22.95015360680696,"radio-transmitter","Turdus leucomelas","1203","2","Radio telemetry study involving two species of birds of the genus Turdus sp. in Brazil. (Da Silveira et al., 2016 - PlosONE)"
1631311131,true,2014-04-05 16:30:00.000,-46.74616163815395,-22.94967668132967,"radio-transmitter","Turdus leucomelas","1203","2","Radio telemetry study involving two species of birds of the genus Turdus sp. in Brazil. (Da Silveira et al., 2016 - PlosONE)"
1631311132,true,2014-04-05 16:40:00.000,-46.753032345533605,-22.95240939257024,"radio-transmitter","Turdus leucomelas","1203","2","Radio telemetry study involving two species of birds of the genus Turdus sp. in Brazil. (Da Silveira et al., 2016 - PlosONE)"
1631311133,true,2014-04-05 17:00:00.000,-46.75054249742342,-22.949881248326694,"radio-transmitter","Turdus leucomelas","1203","2","Radio telemetry study involving two species of birds of the genus Turdus sp. in Brazil. (Da Silveira et al., 2016 - PlosONE)"
1631311134,true,2014-04-05 17:10:00.000,-46.75224249097867,-22.95240909043724,"radio-transmitter","Turdus leucomelas","1203","2","Radio telemetry study involving two species of birds of the genus Turdus sp. in Brazil. (Da Silveira et al., 2016 - PlosONE)"
1631311135,true,2014-04-05 17:20:00.000,-46.73624776052265,-22.951438110562584,"radio-transmitter","Turdus leucomelas","1203","2","Radio telemetry study involving two species of birds of the genus Turdus sp. in Brazil. (Da Silveira et al., 2016 - PlosONE)"
1631311136,true,2014-04-05 17:30:00.000,-46.75052846919106,-22.95106440515779,"radio-transmitter","Turdus leucomelas","1203","2","Radio telemetry study involving two species of birds of the genus Turdus sp. in Brazil. (Da Silveira et al., 2016 - PlosONE)"
1631311137,true,2014-04-05 17:40:00.000,-46.753118697732866,-22.95230007161546,"radio-transmitter","Turdus leucomelas","1203","2","Radio telemetry study involving two species of birds of the genus Turdus sp. in Brazil. (Da Silveira et al., 2016 - PlosONE)"
1631311138,true,2014-04-05 18:08:00.000,-46.753289682376796,-22.952704555741597,"radio-transmitter","Turdus leucomelas","1203","2","Radio telemetry study involving two species of birds of the genus Turdus sp. in Brazil. (Da Silveira et al., 2016 - PlosONE)"
1631311139,true,2014-04-20 19:10:00.000,-46.752531425076114,-22.953643082004348,"radio-transmitter","Turdus leucomelas","1203","2","Radio telemetry study involving two species of birds of the genus Turdus sp. in Brazil. (Da Silveira et al., 2016 - PlosONE)"
1631311140,true,2014-04-20 19:20:00.000,-46.75177651131252,-22.9540848883539,"radio-transmitter","Turdus leucomelas","1203","2","Radio telemetry study involving two species of birds of the genus Turdus sp. in Brazil. (Da Silveira et al., 2016 - PlosONE)"
1631311141,true,2014-04-29 09:58:00.000,-46.751739874864185,-22.95578303473791,"radio-transmitter","Turdus leucomelas","1203","2","Radio telemetry study involving two species of birds of the genus Turdus sp. in Brazil. (Da Silveira et al., 2016 - PlosONE)"
1631311142,true,2014-04-29 10:43:00.000,-46.75192590119126,-22.954327062756477,"radio-transmitter","Turdus leucomelas","1203","2","Radio telemetry study involving two species of birds of the genus Turdus sp. in Brazil. (Da Silveira et al., 2016 - PlosONE)"
1631311143,true,2014-04-29 10:58:00.000,-46.752460638447744,-22.954203757667763,"radio-transmitter","Turdus leucomelas","1203","2","Radio telemetry study involving two species of birds of the genus Turdus sp. in Brazil. (Da Silveira et al., 2016 - PlosONE)"
1631311144,true,2014-04-29 11:13:00.000,-46.75224869795026,-22.954404771390596,"radio-transmitter","Turdus leucomelas","1203","2","Radio telemetry study involving two species of birds of the genus Turdus sp. in Brazil. (Da Silveira et al., 2016 - PlosONE)"
1631311145,true,2014-04-29 11:28:00.000,-46.75177583233007,-22.954789278082245,"radio-transmitter","Turdus leucomelas","1203","2","Radio telemetry study involving two species of birds of the genus Turdus sp. in Brazil. (Da Silveira et al., 2016 - PlosONE)"
1631311146,true,2014-04-29 11:43:00.000,-46.75133022122912,-22.954261397696932,"radio-transmitter","Turdus leucomelas","1203","2","Radio telemetry study involving two species of birds of the genus Turdus sp. in Brazil. (Da Silveira et al., 2016 - PlosONE)"
1631311147,true,2014-04-29 11:58:00.000,-46.75196375801283,-22.954994904551118,"radio-transmitter","Turdus leucomelas","1203","2","Radio telemetry study involving two species of birds of the genus Turdus sp. in Brazil. (Da Silveira et al., 2016 - PlosONE)"
1631311148,true,2014-04-29 12:13:00.000,-46.749064870143826,-22.9570587766267,"radio-transmitter","Turdus leucomelas","1203","2","Radio telemetry study involving two species of birds of the genus Turdus sp. in Brazil. (Da Silveira et al., 2016 - PlosONE)"
1631311149,true,2014-04-29 12:28:00.000,-46.74857666316664,-22.957009977423898,"radio-transmitter","Turdus leucomelas","1203","2","Radio telemetry study involving two species of birds of the genus Turdus sp. in Brazil. (Da Silveira et al., 2016 - PlosONE)"
1631311150,true,2014-04-29 12:58:00.000,-46.751536634463896,-22.95590267668084,"radio-transmitter","Turdus leucomelas","1203","2","Radio telemetry study involving two species of birds of the genus Turdus sp. in Brazil. (Da Silveira et al., 2016 - PlosONE)"
1631311151,true,2014-04-29 13:13:00.000,-46.75013924110646,-22.956432845817062,"radio-transmitter","Turdus leucomelas","1203","2","Radio telemetry study involving two species of birds of the genus Turdus sp. in Brazil. (Da Silveira et al., 2016 - PlosONE)"
1631311152,true,2014-04-29 13:43:00.000,-46.752181145884,-22.954459700995294,"radio-transmitter","Turdus leucomelas","1203","2","Radio telemetry study involving two species of birds of the genus Turdus sp. in Brazil. (Da Silveira et al., 2016 - PlosONE)"
1631311153,true,2014-04-29 16:41:00.000,-46.751982423930684,-22.95417291915158,"radio-transmitter","Turdus leucomelas","1203","2","Radio telemetry study involving two species of birds of the genus Turdus sp. in Brazil. (Da Silveira et al., 2016 - PlosONE)"
1631311154,true,2014-04-29 16:57:00.000,-46.752228172445825,-22.95508228864037,"radio-transmitter","Turdus leucomelas","1203","2","Radio telemetry study involving two species of birds of the genus Turdus sp. in Brazil. (Da Silveira et al., 2016 - PlosONE)"
1631311155,true,2014-04-29 17:12:00.000,-46.75241107417618,-22.954141091578776,"radio-transmitter","Turdus leucomelas","1203","2","Radio telemetry study involving two species of birds of the genus Turdus sp. in Brazil. (Da Silveira et al., 2016 - PlosONE)"
1631311156,true,2014-04-29 17:27:00.000,-46.75222466131932,-22.95405284590467,"radio-transmitter","Turdus leucomelas","1203","2","Radio telemetry study involving two species of birds of the genus Turdus sp. in Brazil. (Da Silveira et al., 2016 - PlosONE)"
1631311157,true,2014-04-29 17:42:00.000,-46.751265210757374,-22.95375640516131,"radio-transmitter","Turdus leucomelas","1203","2","Radio telemetry study involving two species of birds of the genus Turdus sp. in Brazil. (Da Silveira et al., 2016 - PlosONE)"
1631311158,true,2014-04-29 17:57:00.000,-46.752140729402015,-22.95359321563737,"radio-transmitter","Turdus leucomelas","1203","2","Radio telemetry study involving two species of birds of the genus Turdus sp. in Brazil. (Da Silveira et al., 2016 - PlosONE)"
1631311159,true,2014-04-29 18:12:00.000,-46.74960901542054,-22.956149719210007,"radio-transmitter","Turdus leucomelas","1203","2","Radio telemetry study involving two species of birds of the genus Turdus sp. in Brazil. (Da Silveira et al., 2016 - PlosONE)"
1631311160,true,2014-04-29 18:27:00.000,-46.750915607037605,-22.953868631812917,"radio-transmitter","Turdus leucomelas","1203","2","Radio telemetry study involving two species of birds of the genus Turdus sp. in Brazil. (Da Silveira et al., 2016 - PlosONE)"
1631311161,true,2014-04-29 18:42:00.000,-46.75055590407914,-22.95395387755954,"radio-transmitter","Turdus leucomelas","1203","2","Radio telemetry study involving two species of birds of the genus Turdus sp. in Brazil. (Da Silveira et al., 2016 - PlosONE)"
1631311162,true,2014-04-29 18:57:00.000,-46.75084921695202,-22.954013853488068,"radio-transmitter","Turdus leucomelas","1203","2","Radio telemetry study involving two species of birds of the genus Turdus sp. in Brazil. (Da Silveira et al., 2016 - PlosONE)"
1631311163,true,2014-04-29 19:12:00.000,-46.751280657430215,-22.954198731223975,"radio-transmitter","Turdus leucomelas","1203","2","Radio telemetry study involving two species of birds of the genus Turdus sp. in Brazil. (Da Silveira et al., 2016 - PlosONE)"
1631311164,true,2014-04-29 19:27:00.000,-46.75125685588439,-22.953864863945196,"radio-transmitter","Turdus leucomelas","1203","2","Radio telemetry study involving two species of birds of the genus Turdus sp. in Brazil. (Da Silveira et al., 2016 - PlosONE)"
1631311165,true,2014-04-29 19:42:00.000,-46.751352860416645,-22.954504972346218,"radio-transmitter","Turdus leucomelas","1203","2","Radio telemetry study involving two species of birds of the genus Turdus sp. in Brazil. (Da Silveira et al., 2016 - PlosONE)"
1631311166,true,2014-04-29 19:57:00.000,-46.752025358395834,-22.953720917788498,"radio-transmitter","Turdus leucomelas","1203","2","Radio telemetry study involving two species of birds of the genus Turdus sp. in Brazil. (Da Silveira et al., 2016 - PlosONE)"
1631311167,true,2014-04-30 10:03:00.000,-46.75185290214821,-22.954716182415957,"radio-transmitter","Turdus leucomelas","1203","2","Radio telemetry study involving two species of birds of the genus Turdus sp. in Brazil. (Da Silveira et al., 2016 - PlosONE)"
1631311168,true,2014-04-30 10:18:00.000,-46.752004831633556,-22.954398435127473,"radio-transmitter","Turdus leucomelas","1203","2","Radio telemetry study involving two species of birds of the genus Turdus sp. in Brazil. (Da Silveira et al., 2016 - PlosONE)"
1631311169,true,2014-04-30 10:33:00.000,-46.75187889573742,-22.95446304012927,"radio-transmitter","Turdus leucomelas","1203","2","Radio telemetry study involving two species of birds of the genus Turdus sp. in Brazil. (Da Silveira et al., 2016 - PlosONE)"
1631311170,true,2014-04-30 11:18:00.000,-46.75229686630009,-22.95435908647549,"radio-transmitter","Turdus leucomelas","1203","2","Radio telemetry study involving two species of birds of the genus Turdus sp. in Brazil. (Da Silveira et al., 2016 - PlosONE)"
1631311171,true,2014-04-30 11:28:00.000,-46.751936040007436,-22.955871173122308,"radio-transmitter","Turdus leucomelas","1203","2","Radio telemetry study involving two species of birds of the genus Turdus sp. in Brazil. (Da Silveira et al., 2016 - PlosONE)"
1631311172,true,2014-04-30 13:03:00.000,-46.74798016309759,-22.955363962669068,"radio-transmitter","Turdus leucomelas","1203","2","Radio telemetry study involving two species of birds of the genus Turdus sp. in Brazil. (Da Silveira et al., 2016 - PlosONE)"
1631311173,true,2014-04-30 17:55:00.000,-46.75172497047444,-22.953868724648743,"radio-transmitter","Turdus leucomelas","1203","2","Radio telemetry study involving two species of birds of the genus Turdus sp. in Brazil. (Da Silveira et al., 2016 - PlosONE)"
1631311174,true,2014-04-30 18:25:00.000,-46.748792432652465,-22.95331410280324,"radio-transmitter","Turdus leucomelas","1203","2","Radio telemetry study involving two species of birds of the genus Turdus sp. in Brazil. (Da Silveira et al., 2016 - PlosONE)"
1631311175,true,2014-04-30 18:55:00.000,-46.750685675498836,-22.954187239258935,"radio-transmitter","Turdus leucomelas","1203","2","Radio telemetry study involving two species of birds of the genus Turdus sp. in Brazil. (Da Silveira et al., 2016 - PlosONE)"
1631311176,true,2014-04-30 19:10:00.000,-46.75227306221308,-22.954025219511887,"radio-transmitter","Turdus leucomelas","1203","2","Radio telemetry study involving two species of birds of the genus Turdus sp. in Brazil. (Da Silveira et al., 2016 - PlosONE)"
1631311177,true,2013-07-18 11:00:00.000,-46.74517052582494,-22.96590647525429,"radio-transmitter","Turdus leucomelas","1221","3","Radio telemetry study involving two species of birds of the genus Turdus sp. in Brazil. (Da Silveira et al., 2016 - PlosONE)"
1631311178,true,2013-07-18 12:00:00.000,-46.7444578673588,-22.967368238094384,"radio-transmitter","Turdus leucomelas","1221","3","Radio telemetry study involving two species of birds of the genus Turdus sp. in Brazil. (Da Silveira et al., 2016 - PlosONE)"
1631311179,true,2013-07-18 12:15:00.000,-46.74412505990179,-22.967272564063958,"radio-transmitter","Turdus leucomelas","1221","3","Radio telemetry study involving two species of birds of the genus Turdus sp. in Brazil. (Da Silveira et al., 2016 - PlosONE)"
1631311180,true,2013-07-18 12:30:00.000,-46.74400165706693,-22.967535807822042,"radio-transmitter","Turdus leucomelas","1221","3","Radio telemetry study involving two species of birds of the genus Turdus sp. in Brazil. (Da Silveira et al., 2016 - PlosONE)"
1631311181,true,2013-07-18 13:45:00.000,-46.743833246505616,-22.966571391150705,"radio-transmitter","Turdus leucomelas","1221","3","Radio telemetry study involving two species of birds of the genus Turdus sp. in Brazil. (Da Silveira et al., 2016 - PlosONE)"
1631311182,true,2013-07-18 16:55:00.000,-46.74483989374453,-22.967499491858444,"radio-transmitter","Turdus leucomelas","1221","3","Radio telemetry study involving two species of birds of the genus Turdus sp. in Brazil. (Da Silveira et al., 2016 - PlosONE)"
1631311183,true,2013-07-18 17:40:00.000,-46.74420936119722,-22.966242153345764,"radio-transmitter","Turdus leucomelas","1221","3","Radio telemetry study involving two species of birds of the genus Turdus sp. in Brazil. (Da Silveira et al., 2016 - PlosONE)"
1631311184,true,2013-07-18 17:55:00.000,-46.74445694030318,-22.96729600387438,"radio-transmitter","Turdus leucomelas","1221","3","Radio telemetry study involving two species of birds of the genus Turdus sp. in Brazil. (Da Silveira et al., 2016 - PlosONE)"
1631311185,true,2013-07-18 18:10:00.000,-46.74443767013528,-22.96731427703864,"radio-transmitter","Turdus leucomelas","1221","3","Radio telemetry study involving two species of birds of the genus Turdus sp. in Brazil. (Da Silveira et al., 2016 - PlosONE)"
1631311186,true,2013-07-19 12:00:00.000,-46.740142262573954,-22.969257906335518,"radio-transmitter","Turdus leucomelas","1221","3","Radio telemetry study involving two species of birds of the genus Turdus sp. in Brazil. (Da Silveira et al., 2016 - PlosONE)"
1631311187,true,2013-07-19 12:30:00.000,-46.736204816551364,-22.970222201869383,"radio-transmitter","Turdus leucomelas","1221","3","Radio telemetry study involving two species of birds of the genus Turdus sp. in Brazil. (Da Silveira et al., 2016 - PlosONE)"
1631311188,true,2013-07-20 11:45:00.000,-46.73435539022971,-22.97967037303091,"radio-transmitter","Turdus leucomelas","1221","3","Radio telemetry study involving two species of birds of the genus Turdus sp. in Brazil. (Da Silveira et al., 2016 - PlosONE)"
1631311189,true,2013-07-20 12:45:00.000,-46.74026610109354,-22.96750461703216,"radio-transmitter","Turdus leucomelas","1221","3","Radio telemetry study involving two species of birds of the genus Turdus sp. in Brazil. (Da Silveira et al., 2016 - PlosONE)"
1631311190,true,2013-07-20 13:30:00.000,-46.740475728119016,-22.967881599329512,"radio-transmitter","Turdus leucomelas","1221","3","Radio telemetry study involving two species of birds of the genus Turdus sp. in Brazil. (Da Silveira et al., 2016 - PlosONE)"
1631311191,true,2013-07-20 17:05:00.000,-46.742410018575406,-22.968140297024593,"radio-transmitter","Turdus leucomelas","1221","3","Radio telemetry study involving two species of birds of the genus Turdus sp. in Brazil. (Da Silveira et al., 2016 - PlosONE)"
1631311192,true,2013-07-20 17:35:00.000,-46.741186974602016,-22.96782863568132,"radio-transmitter","Turdus leucomelas","1221","3","Radio telemetry study involving two species of birds of the genus Turdus sp. in Brazil. (Da Silveira et al., 2016 - PlosONE)"
1631311193,true,2013-07-20 17:50:00.000,-46.741060905298376,-22.96788420377299,"radio-transmitter","Turdus leucomelas","1221","3","Radio telemetry study involving two species of birds of the genus Turdus sp. in Brazil. (Da Silveira et al., 2016 - PlosONE)"
1631311194,true,2013-07-20 18:05:00.000,-46.740402922654496,-22.96828877414159,"radio-transmitter","Turdus leucomelas","1221","3","Radio telemetry study involving two species of birds of the genus Turdus sp. in Brazil. (Da Silveira et al., 2016 - PlosONE)"
1631311195,true,2013-07-20 19:05:00.000,-46.738464705567345,-22.967723055448374,"radio-transmitter","Turdus leucomelas","1221","3","Radio telemetry study involving two species of birds of the genus Turdus sp. in Brazil. (Da Silveira et al., 2016 - PlosONE)"
1631311196,true,2013-07-20 19:20:00.000,-46.73788858678812,-22.96766615861556,"radio-transmitter","Turdus leucomelas","1221","3","Radio telemetry study involving two species of birds of the genus Turdus sp. in Brazil. (Da Silveira et al., 2016 - PlosONE)"
1631311197,true,2013-07-20 19:35:00.000,-46.73876047050504,-22.967972667545936,"radio-transmitter","Turdus leucomelas","1221","3","Radio telemetry study involving two species of birds of the genus Turdus sp. in Brazil. (Da Silveira et al., 2016 - PlosONE)"
1631311198,true,2013-08-08 18:01:00.000,-46.74220134122328,-22.967076984576625,"radio-transmitter","Turdus leucomelas","1221","3","Radio telemetry study involving two species of birds of the genus Turdus sp. in Brazil. (Da Silveira et al., 2016 - PlosONE)"
1631311199,true,2013-08-09 10:44:00.000,-46.740869932467334,-22.968202370919613,"radio-transmitter","Turdus leucomelas","1221","3","Radio telemetry study involving two species of birds of the genus Turdus sp. in Brazil. (Da Silveira et al., 2016 - PlosONE)"
1631311200,true,2013-08-09 11:23:00.000,-46.740669939215515,-22.96781625288649,"radio-transmitter","Turdus leucomelas","1221","3","Radio telemetry study involving two species of birds of the genus Turdus sp. in Brazil. (Da Silveira et al., 2016 - PlosONE)"
1631311201,true,2013-08-09 13:08:00.000,-46.74219110195111,-22.964756242724345,"radio-transmitter","Turdus leucomelas","1221","3","Radio telemetry study involving two species of birds of the genus Turdus sp. in Brazil. (Da Silveira et al., 2016 - PlosONE)"
1631311202,true,2013-08-09 13:19:00.000,-46.742230915165194,-22.96481901913909,"radio-transmitter","Turdus leucomelas","1221","3","Radio telemetry study involving two species of birds of the genus Turdus sp. in Brazil. (Da Silveira et al., 2016 - PlosONE)"
1631311203,true,2013-08-10 16:00:00.000,-46.74176226553326,-22.965537583271942,"radio-transmitter","Turdus leucomelas","1221","3","Radio telemetry study involving two species of birds of the genus Turdus sp. in Brazil. (Da Silveira et al., 2016 - PlosONE)"
1631311204,true,2013-09-08 19:32:00.000,-46.74536862251415,-22.962346256498535,"radio-transmitter","Turdus leucomelas","1221","3","Radio telemetry study involving two species of birds of the genus Turdus sp. in Brazil. (Da Silveira et al., 2016 - PlosONE)"
1631311205,true,2013-09-08 19:47:00.000,-46.74431728063079,-22.967812282225946,"radio-transmitter","Turdus leucomelas","1221","3","Radio telemetry study involving two species of birds of the genus Turdus sp. in Brazil. (Da Silveira et al., 2016 - PlosONE)"
1631311206,true,2013-09-08 20:02:00.000,-46.744299169119266,-22.967920848154222,"radio-transmitter","Turdus leucomelas","1221","3","Radio telemetry study involving two species of birds of the genus Turdus sp. in Brazil. (Da Silveira et al., 2016 - PlosONE)"
1631311207,true,2013-09-08 20:17:00.000,-46.74449407342005,-22.967909672794743,"radio-transmitter","Turdus leucomelas","1221","3","Radio telemetry study involving two species of birds of the genus Turdus sp. in Brazil. (Da Silveira et al., 2016 - PlosONE)"
1631311208,true,2013-09-08 20:32:00.000,-46.74466611460589,-22.967636862836603,"radio-transmitter","Turdus leucomelas","1221","3","Radio telemetry study involving two species of birds of the genus Turdus sp. in Brazil. (Da Silveira et al., 2016 - PlosONE)"
1631311209,true,2013-09-09 10:10:00.000,-46.744562562260384,-22.967926980162115,"radio-transmitter","Turdus leucomelas","1221","3","Radio telemetry study involving two species of birds of the genus Turdus sp. in Brazil. (Da Silveira et al., 2016 - PlosONE)"
1631311210,true,2013-09-09 11:30:00.000,-46.73847399464664,-22.967686831286056,"radio-transmitter","Turdus leucomelas","1221","3","Radio telemetry study involving two species of birds of the genus Turdus sp. in Brazil. (Da Silveira et al., 2016 - PlosONE)"
1631311211,true,2013-09-09 12:35:00.000,-46.73790160957655,-22.964107968814105,"radio-transmitter","Turdus leucomelas","1221","3","Radio telemetry study involving two species of birds of the genus Turdus sp. in Brazil. (Da Silveira et al., 2016 - PlosONE)"
1631311212,true,2014-04-05 10:28:00.000,-46.75292768171642,-22.95336778654406,"radio-transmitter","Turdus rufiventris","1351","4","Radio telemetry study involving two species of birds of the genus Turdus sp. in Brazil. (Da Silveira et al., 2016 - PlosONE)"
1631311213,true,2014-04-05 10:58:00.000,-46.753017965979296,-22.952806895228406,"radio-transmitter","Turdus rufiventris","1351","4","Radio telemetry study involving two species of birds of the genus Turdus sp. in Brazil. (Da Silveira et al., 2016 - PlosONE)"
1631311214,true,2014-04-05 11:08:00.000,-46.752866248965695,-22.95238413675302,"radio-transmitter","Turdus rufiventris","1351","4","Radio telemetry study involving two species of birds of the genus Turdus sp. in Brazil. (Da Silveira et al., 2016 - PlosONE)"
1631311215,true,2014-04-05 12:23:00.000,-46.75363241284312,-22.952059598384125,"radio-transmitter","Turdus rufiventris","1351","4","Radio telemetry study involving two species of birds of the genus Turdus sp. in Brazil. (Da Silveira et al., 2016 - PlosONE)"
1631311216,true,2014-04-05 12:33:00.000,-46.753180455349224,-22.952552244040675,"radio-transmitter","Turdus rufiventris","1351","4","Radio telemetry study involving two species of birds of the genus Turdus sp. in Brazil. (Da Silveira et al., 2016 - PlosONE)"
1631311217,true,2014-04-05 12:43:00.000,-46.75255853582055,-22.95196310189596,"radio-transmitter","Turdus rufiventris","1351","4","Radio telemetry study involving two species of birds of the genus Turdus sp. in Brazil. (Da Silveira et al., 2016 - PlosONE)"
1631311218,true,2014-04-05 13:25:00.000,-46.752211264101234,-22.952255916218178,"radio-transmitter","Turdus rufiventris","1351","4","Radio telemetry study involving two species of birds of the genus Turdus sp. in Brazil. (Da Silveira et al., 2016 - PlosONE)"
1631311219,true,2014-04-05 13:35:00.000,-46.75248947275995,-22.951900651235945,"radio-transmitter","Turdus rufiventris","1351","4","Radio telemetry study involving two species of birds of the genus Turdus sp. in Brazil. (Da Silveira et al., 2016 - PlosONE)"
1631311220,true,2014-04-05 13:45:00.000,-46.75273356724548,-22.951925045541376,"radio-transmitter","Turdus rufiventris","1351","4","Radio telemetry study involving two species of birds of the genus Turdus sp. in Brazil. (Da Silveira et al., 2016 - PlosONE)"
1631311221,true,2014-04-05 13:55:00.000,-46.7527964874409,-22.952267510726493,"radio-transmitter","Turdus rufiventris","1351","4","Radio telemetry study involving two species of birds of the genus Turdus sp. in Brazil. (Da Silveira et al., 2016 - PlosONE)"
1631311222,true,2014-04-05 15:53:00.000,-46.753547718781846,-22.95305389391444,"radio-transmitter","Turdus rufiventris","1351","4","Radio telemetry study involving two species of birds of the genus Turdus sp. in Brazil. (Da Silveira et al., 2016 - PlosONE)"
1631311223,true,2014-04-05 16:03:00.000,-46.75332929073534,-22.953507835709985,"radio-transmitter","Turdus rufiventris","1351","4","Radio telemetry study involving two species of birds of the genus Turdus sp. in Brazil. (Da Silveira et al., 2016 - PlosONE)"
1631311224,true,2014-04-05 16:13:00.000,-46.75379917999111,-22.95440569369301,"radio-transmitter","Turdus rufiventris","1351","4","Radio telemetry study involving two species of birds of the genus Turdus sp. in Brazil. (Da Silveira et al., 2016 - PlosONE)"
1631311225,true,2014-04-05 17:23:00.000,-46.752580058448714,-22.95363351403709,"radio-transmitter","Turdus rufiventris","1351","4","Radio telemetry study involving two species of birds of the genus Turdus sp. in Brazil. (Da Silveira et al., 2016 - PlosONE)"
1631311226,true,2014-04-05 17:33:00.000,-46.752137123678246,-22.953313308696494,"radio-transmitter","Turdus rufiventris","1351","4","Radio telemetry study involving two species of birds of the genus Turdus sp. in Brazil. (Da Silveira et al., 2016 - PlosONE)"
1631311227,true,2014-04-05 18:50:00.000,-46.751838248584846,-22.953578496060558,"radio-transmitter","Turdus rufiventris","1351","4","Radio telemetry study involving two species of birds of the genus Turdus sp. in Brazil. (Da Silveira et al., 2016 - PlosONE)"
1631311228,true,2014-04-20 17:10:00.000,-46.75251762589494,-22.95408573092511,"radio-transmitter","Turdus rufiventris","1351","4","Radio telemetry study involving two species of birds of the genus Turdus sp. in Brazil. (Da Silveira et al., 2016 - PlosONE)"
1631311229,true,2014-04-20 17:22:00.000,-46.752907134597216,-22.953286738798333,"radio-transmitter","Turdus rufiventris","1351","4","Radio telemetry study involving two species of birds of the genus Turdus sp. in Brazil. (Da Silveira et al., 2016 - PlosONE)"
1631311230,true,2014-04-20 17:42:00.000,-46.75258029113676,-22.9536515725447,"radio-transmitter","Turdus rufiventris","1351","4","Radio telemetry study involving two species of birds of the genus Turdus sp. in Brazil. (Da Silveira et al., 2016 - PlosONE)"
1631311231,true,2014-04-20 18:02:00.000,-46.752257728701004,-22.953591922990725,"radio-transmitter","Turdus rufiventris","1351","4","Radio telemetry study involving two species of birds of the genus Turdus sp. in Brazil. (Da Silveira et al., 2016 - PlosONE)"
1631311232,true,2014-04-20 18:12:00.000,-46.752048909151505,-22.953278161084675,"radio-transmitter","Turdus rufiventris","1351","4","Radio telemetry study involving two species of birds of the genus Turdus sp. in Brazil. (Da Silveira et al., 2016 - PlosONE)"
1631311233,true,2014-04-20 18:22:00.000,-46.751336916613845,-22.95250939823149,"radio-transmitter","Turdus rufiventris","1351","4","Radio telemetry study involving two species of birds of the genus Turdus sp. in Brazil. (Da Silveira et al., 2016 - PlosONE)"
1631311234,true,2014-04-20 18:32:00.000,-46.7519229742782,-22.953342766064665,"radio-transmitter","Turdus rufiventris","1351","4","Radio telemetry study involving two species of birds of the genus Turdus sp. in Brazil. (Da Silveira et al., 2016 - PlosONE)"
1631311235,true,2014-04-20 18:42:00.000,-46.75235325052923,-22.953437348383556,"radio-transmitter","Turdus rufiventris","1351","4","Radio telemetry study involving two species of birds of the genus Turdus sp. in Brazil. (Da Silveira et al., 2016 - PlosONE)"
1631311236,true,2014-04-20 19:12:00.000,-46.75143722195099,-22.953483589333796,"radio-transmitter","Turdus rufiventris","1351","4","Radio telemetry study involving two species of birds of the genus Turdus sp. in Brazil. (Da Silveira et al., 2016 - PlosONE)"
1631311237,true,2014-04-29 10:18:00.000,-46.75251518271802,-22.95389611659705,"radio-transmitter","Turdus rufiventris","1351","4","Radio telemetry study involving two species of birds of the genus Turdus sp. in Brazil. (Da Silveira et al., 2016 - PlosONE)"
1631311238,true,2014-06-20 17:52:00.000,-46.750939599500924,-22.95194486067282,"radio-transmitter","Turdus rufiventris","1351","4","Radio telemetry study involving two species of birds of the genus Turdus sp. in Brazil. (Da Silveira et al., 2016 - PlosONE)"
1631311239,true,2014-06-21 10:30:00.000,-46.75254357315962,-22.952315458337978,"radio-transmitter","Turdus rufiventris","1351","4","Radio telemetry study involving two species of birds of the genus Turdus sp. in Brazil. (Da Silveira et al., 2016 - PlosONE)"
1631311240,true,2014-06-21 10:45:00.000,-46.75297279915165,-22.952328775878446,"radio-transmitter","Turdus rufiventris","1351","4","Radio telemetry study involving two species of birds of the genus Turdus sp. in Brazil. (Da Silveira et al., 2016 - PlosONE)"
1631311241,true,2014-06-21 11:40:00.000,-46.75072545185885,-22.95197431631078,"radio-transmitter","Turdus rufiventris","1351","4","Radio telemetry study involving two species of birds of the genus Turdus sp. in Brazil. (Da Silveira et al., 2016 - PlosONE)"
1631311242,true,2014-06-21 12:10:00.000,-46.75202657934593,-22.951544543580916,"radio-transmitter","Turdus rufiventris","1351","4","Radio telemetry study involving two species of birds of the genus Turdus sp. in Brazil. (Da Silveira et al., 2016 - PlosONE)"
1631311243,true,2014-06-21 12:40:00.000,-46.7492987283419,-22.952495769589603,"radio-transmitter","Turdus rufiventris","1351","4","Radio telemetry study involving two species of birds of the genus Turdus sp. in Brazil. (Da Silveira et al., 2016 - PlosONE)"
1631311244,true,2014-04-05 10:10:00.000,-46.752618220809,-22.952811313188324,"radio-transmitter","Turdus leucomelas","1361","5","Radio telemetry study involving two species of birds of the genus Turdus sp. in Brazil. (Da Silveira et al., 2016 - PlosONE)"
1631311245,true,2014-04-05 10:20:00.000,-46.75234035978771,-22.953193666218667,"radio-transmitter","Turdus leucomelas","1361","5","Radio telemetry study involving two species of birds of the genus Turdus sp. in Brazil. (Da Silveira et al., 2016 - PlosONE)"
1631311246,true,2014-04-05 10:30:00.000,-46.751368026339414,-22.952653543414687,"radio-transmitter","Turdus leucomelas","1361","5","Radio telemetry study involving two species of birds of the genus Turdus sp. in Brazil. (Da Silveira et al., 2016 - PlosONE)"
1631311247,true,2014-04-05 10:40:00.000,-46.74147093420014,-22.94430990065785,"radio-transmitter","Turdus leucomelas","1361","5","Radio telemetry study involving two species of birds of the genus Turdus sp. in Brazil. (Da Silveira et al., 2016 - PlosONE)"
1631311248,true,2014-04-05 11:30:00.000,-46.75259395112855,-22.952441329222683,"radio-transmitter","Turdus leucomelas","1361","5","Radio telemetry study involving two species of birds of the genus Turdus sp. in Brazil. (Da Silveira et al., 2016 - PlosONE)"
1631311249,true,2014-04-05 12:25:00.000,-46.752611124065375,-22.952260528639698,"radio-transmitter","Turdus leucomelas","1361","5","Radio telemetry study involving two species of birds of the genus Turdus sp. in Brazil. (Da Silveira et al., 2016 - PlosONE)"
1631311250,true,2014-04-05 12:35:00.000,-46.75313694294942,-22.952959099260163,"radio-transmitter","Turdus leucomelas","1361","5","Radio telemetry study involving two species of birds of the genus Turdus sp. in Brazil. (Da Silveira et al., 2016 - PlosONE)"
1631311251,true,2014-04-05 12:57:00.000,-46.74947841815072,-22.954336019817532,"radio-transmitter","Turdus leucomelas","1361","5","Radio telemetry study involving two species of birds of the genus Turdus sp. in Brazil. (Da Silveira et al., 2016 - PlosONE)"
1631311252,true,2014-04-05 13:07:00.000,-46.751971510882264,-22.9540827342991,"radio-transmitter","Turdus leucomelas","1361","5","Radio telemetry study involving two species of birds of the genus Turdus sp. in Brazil. (Da Silveira et al., 2016 - PlosONE)"
1631311253,true,2014-04-05 13:17:00.000,-46.7497420244129,-22.955118769314314,"radio-transmitter","Turdus leucomelas","1361","5","Radio telemetry study involving two species of birds of the genus Turdus sp. in Brazil. (Da Silveira et al., 2016 - PlosONE)"
1631311254,true,2014-04-05 13:27:00.000,-46.75219033551761,-22.955173012091347,"radio-transmitter","Turdus leucomelas","1361","5","Radio telemetry study involving two species of birds of the genus Turdus sp. in Brazil. (Da Silveira et al., 2016 - PlosONE)"
1631311255,true,2014-04-05 16:26:00.000,-46.752710856411156,-22.953189572142833,"radio-transmitter","Turdus leucomelas","1361","5","Radio telemetry study involving two species of birds of the genus Turdus sp. in Brazil. (Da Silveira et al., 2016 - PlosONE)"
1631311256,true,2014-04-05 16:36:00.000,-46.75276947222431,-22.95319795488417,"radio-transmitter","Turdus leucomelas","1361","5","Radio telemetry study involving two species of birds of the genus Turdus sp. in Brazil. (Da Silveira et al., 2016 - PlosONE)"
1631311257,true,2014-04-05 16:56:00.000,-46.750560750490955,-22.95205740920116,"radio-transmitter","Turdus leucomelas","1361","5","Radio telemetry study involving two species of birds of the genus Turdus sp. in Brazil. (Da Silveira et al., 2016 - PlosONE)"
1631311258,true,2014-04-05 17:06:00.000,-46.75240779486285,-22.953129707325477,"radio-transmitter","Turdus leucomelas","1361","5","Radio telemetry study involving two species of birds of the genus Turdus sp. in Brazil. (Da Silveira et al., 2016 - PlosONE)"
1631311262,true,2014-04-05 17:13:00.000,-46.75288693659172,-22.953232778806044,"radio-transmitter","Turdus leucomelas","1361","5","Radio telemetry study involving two species of birds of the genus Turdus sp. in Brazil. (Da Silveira et al., 2016 - PlosONE)"
1631311259,true,2014-04-05 17:16:00.000,-46.74995465827134,-22.95421336836888,"radio-transmitter","Turdus leucomelas","1361","5","Radio telemetry study involving two species of birds of the genus Turdus sp. in Brazil. (Da Silveira et al., 2016 - PlosONE)"
1631311260,true,2014-04-05 17:26:00.000,-46.75174249348328,-22.953715011881595,"radio-transmitter","Turdus leucomelas","1361","5","Radio telemetry study involving two species of birds of the genus Turdus sp. in Brazil. (Da Silveira et al., 2016 - PlosONE)"
1631311261,true,2014-04-05 17:46:00.000,-46.75239630002652,-22.95299437622623,"radio-transmitter","Turdus leucomelas","1361","5","Radio telemetry study involving two species of birds of the genus Turdus sp. in Brazil. (Da Silveira et al., 2016 - PlosONE)"
1631311263,true,2014-04-05 18:23:00.000,-46.75254871447396,-22.953471310693843,"radio-transmitter","Turdus leucomelas","1361","5","Radio telemetry study involving two species of birds of the genus Turdus sp. in Brazil. (Da Silveira et al., 2016 - PlosONE)"
1631311264,true,2014-04-05 18:33:00.000,-46.75309121923292,-22.95319439868101,"radio-transmitter","Turdus leucomelas","1361","5","Radio telemetry study involving two species of birds of the genus Turdus sp. in Brazil. (Da Silveira et al., 2016 - PlosONE)"
1631311265,true,2014-04-05 18:53:00.000,-46.75257759253094,-22.952685334587304,"radio-transmitter","Turdus leucomelas","1361","5","Radio telemetry study involving two species of birds of the genus Turdus sp. in Brazil. (Da Silveira et al., 2016 - PlosONE)"
1631311266,true,2014-04-05 19:03:00.000,-46.75253314760025,-22.95301995571158,"radio-transmitter","Turdus leucomelas","1361","5","Radio telemetry study involving two species of birds of the genus Turdus sp. in Brazil. (Da Silveira et al., 2016 - PlosONE)"
1631311267,true,2014-04-29 10:08:00.000,-46.75364972915227,-22.95264639183881,"radio-transmitter","Turdus leucomelas","1361","5","Radio telemetry study involving two species of birds of the genus Turdus sp. in Brazil. (Da Silveira et al., 2016 - PlosONE)"
1631311268,true,2014-04-29 17:17:00.000,-46.753376959727866,-22.955692698368672,"radio-transmitter","Turdus leucomelas","1361","5","Radio telemetry study involving two species of birds of the genus Turdus sp. in Brazil. (Da Silveira et al., 2016 - PlosONE)"
1631311269,true,2014-04-29 18:17:00.000,-46.75287569853006,-22.953874071254337,"radio-transmitter","Turdus leucomelas","1361","5","Radio telemetry study involving two species of birds of the genus Turdus sp. in Brazil. (Da Silveira et al., 2016 - PlosONE)"
1631311270,true,2014-04-29 19:02:00.000,-46.75249326231899,-22.954465282797063,"radio-transmitter","Turdus leucomelas","1361","5","Radio telemetry study involving two species of birds of the genus Turdus sp. in Brazil. (Da Silveira et al., 2016 - PlosONE)"
1631311271,true,2014-04-29 20:02:00.000,-46.75265912870838,-22.954472480340733,"radio-transmitter","Turdus leucomelas","1361","5","Radio telemetry study involving two species of birds of the genus Turdus sp. in Brazil. (Da Silveira et al., 2016 - PlosONE)"
1631311272,true,2014-04-30 10:27:00.000,-46.75307610370152,-22.955804390938358,"radio-transmitter","Turdus leucomelas","1361","5","Radio telemetry study involving two species of birds of the genus Turdus sp. in Brazil. (Da Silveira et al., 2016 - PlosONE)"
1631311273,true,2013-08-08 16:36:00.000,-46.761978132641936,-22.970019071544623,"radio-transmitter","Turdus leucomelas","1421","6","Radio telemetry study involving two species of birds of the genus Turdus sp. in Brazil. (Da Silveira et al., 2016 - PlosONE)"
1631311274,true,2013-08-08 16:51:00.000,-46.762131188839625,-22.970541138490198,"radio-transmitter","Turdus leucomelas","1421","6","Radio telemetry study involving two species of birds of the genus Turdus sp. in Brazil. (Da Silveira et al., 2016 - PlosONE)"
1631311275,true,2013-08-08 17:48:00.000,-46.76178966604007,-22.97052687396688,"radio-transmitter","Turdus leucomelas","1421","6","Radio telemetry study involving two species of birds of the genus Turdus sp. in Brazil. (Da Silveira et al., 2016 - PlosONE)"
1631311276,true,2013-08-08 18:03:00.000,-46.7617206253961,-22.969714897111096,"radio-transmitter","Turdus leucomelas","1421","6","Radio telemetry study involving two species of birds of the genus Turdus sp. in Brazil. (Da Silveira et al., 2016 - PlosONE)"
1631311277,true,2013-08-08 18:31:00.000,-46.76443354601569,-22.969097739893677,"radio-transmitter","Turdus leucomelas","1421","6","Radio telemetry study involving two species of birds of the genus Turdus sp. in Brazil. (Da Silveira et al., 2016 - PlosONE)"
1631311278,true,2013-08-08 18:46:00.000,-46.762120370563395,-22.968202361598447,"radio-transmitter","Turdus leucomelas","1421","6","Radio telemetry study involving two species of birds of the genus Turdus sp. in Brazil. (Da Silveira et al., 2016 - PlosONE)"
1631311279,true,2013-08-08 19:01:00.000,-46.76199442774014,-22.96826697502715,"radio-transmitter","Turdus leucomelas","1421","6","Radio telemetry study involving two species of birds of the genus Turdus sp. in Brazil. (Da Silveira et al., 2016 - PlosONE)"
1631311280,true,2013-08-08 19:16:00.000,-46.76204271423053,-22.968230316315523,"radio-transmitter","Turdus leucomelas","1421","6","Radio telemetry study involving two species of birds of the genus Turdus sp. in Brazil. (Da Silveira et al., 2016 - PlosONE)"
1631311281,true,2013-08-10 10:43:00.000,-46.760568757872186,-22.968878828638356,"radio-transmitter","Turdus leucomelas","1421","6","Radio telemetry study involving two species of birds of the genus Turdus sp. in Brazil. (Da Silveira et al., 2016 - PlosONE)"
1631311282,true,2013-08-10 10:58:00.000,-46.76105166391997,-22.970020337138127,"radio-transmitter","Turdus leucomelas","1421","6","Radio telemetry study involving two species of birds of the genus Turdus sp. in Brazil. (Da Silveira et al., 2016 - PlosONE)"
1631311283,true,2013-08-10 11:13:00.000,-46.76172109356419,-22.969751013875484,"radio-transmitter","Turdus leucomelas","1421","6","Radio telemetry study involving two species of birds of the genus Turdus sp. in Brazil. (Da Silveira et al., 2016 - PlosONE)"
1631311284,true,2013-08-10 12:50:00.000,-46.76121165943843,-22.970325596223628,"radio-transmitter","Turdus leucomelas","1421","6","Radio telemetry study involving two species of birds of the genus Turdus sp. in Brazil. (Da Silveira et al., 2016 - PlosONE)"
1631311285,true,2013-08-24 09:47:00.000,-46.76146085785179,-22.969988698851108,"radio-transmitter","Turdus leucomelas","1421","6","Radio telemetry study involving two species of birds of the genus Turdus sp. in Brazil. (Da Silveira et al., 2016 - PlosONE)"
1631311286,true,2013-08-24 10:02:00.000,-46.761344313099755,-22.970026115930843,"radio-transmitter","Turdus leucomelas","1421","6","Radio telemetry study involving two species of birds of the genus Turdus sp. in Brazil. (Da Silveira et al., 2016 - PlosONE)"
1631311287,true,2013-08-24 10:17:00.000,-46.761415964298784,-22.970287203997458,"radio-transmitter","Turdus leucomelas","1421","6","Radio telemetry study involving two species of birds of the genus Turdus sp. in Brazil. (Da Silveira et al., 2016 - PlosONE)"
1631311288,true,2013-08-24 10:35:00.000,-46.76136346418358,-22.96999881164069,"radio-transmitter","Turdus leucomelas","1421","6","Radio telemetry study involving two species of birds of the genus Turdus sp. in Brazil. (Da Silveira et al., 2016 - PlosONE)"
1631311289,true,2013-08-24 10:50:00.000,-46.7614786045828,-22.96985304424361,"radio-transmitter","Turdus leucomelas","1421","6","Radio telemetry study involving two species of birds of the genus Turdus sp. in Brazil. (Da Silveira et al., 2016 - PlosONE)"
1631311290,true,2013-08-24 11:05:00.000,-46.76170783129582,-22.96948024651423,"radio-transmitter","Turdus leucomelas","1421","6","Radio telemetry study involving two species of birds of the genus Turdus sp. in Brazil. (Da Silveira et al., 2016 - PlosONE)"
1631311291,true,2013-08-24 11:20:00.000,-46.76175705462106,-22.969515821393376,"radio-transmitter","Turdus leucomelas","1421","6","Radio telemetry study involving two species of birds of the genus Turdus sp. in Brazil. (Da Silveira et al., 2016 - PlosONE)"
1631311292,true,2013-08-24 11:35:00.000,-46.76156332128507,-22.96961730996239,"radio-transmitter","Turdus leucomelas","1421","6","Radio telemetry study involving two species of birds of the genus Turdus sp. in Brazil. (Da Silveira et al., 2016 - PlosONE)"
1631311293,true,2013-08-24 12:35:00.000,-46.763084717276804,-22.969618455734206,"radio-transmitter","Turdus leucomelas","1421","6","Radio telemetry study involving two species of birds of the genus Turdus sp. in Brazil. (Da Silveira et al., 2016 - PlosONE)"
1631311294,true,2013-08-24 12:50:00.000,-46.76187991963484,-22.969965980320975,"radio-transmitter","Turdus leucomelas","1421","6","Radio telemetry study involving two species of birds of the genus Turdus sp. in Brazil. (Da Silveira et al., 2016 - PlosONE)"
1631311295,true,2013-08-24 13:05:00.000,-46.76241435467789,-22.96981555105368,"radio-transmitter","Turdus leucomelas","1421","6","Radio telemetry study involving two species of birds of the genus Turdus sp. in Brazil. (Da Silveira et al., 2016 - PlosONE)"
1631311296,true,2013-08-25 09:55:00.000,-46.77131477174172,-22.9680457035491,"radio-transmitter","Turdus leucomelas","1421","6","Radio telemetry study involving two species of birds of the genus Turdus sp. in Brazil. (Da Silveira et al., 2016 - PlosONE)"
1631311297,true,2013-08-25 10:10:00.000,-46.76153122189268,-22.970150465747132,"radio-transmitter","Turdus leucomelas","1421","6","Radio telemetry study involving two species of birds of the genus Turdus sp. in Brazil. (Da Silveira et al., 2016 - PlosONE)"
1631311298,true,2013-09-07 18:40:00.000,-46.767119322097365,-22.96639480006226,"radio-transmitter","Turdus leucomelas","1421","6","Radio telemetry study involving two species of birds of the genus Turdus sp. in Brazil. (Da Silveira et al., 2016 - PlosONE)"
1631311299,true,2013-09-07 18:55:00.000,-46.76318372207397,-22.97048428119076,"radio-transmitter","Turdus leucomelas","1421","6","Radio telemetry study involving two species of birds of the genus Turdus sp. in Brazil. (Da Silveira et al., 2016 - PlosONE)"
1631311300,true,2013-09-07 19:05:00.000,-46.762367088770944,-22.97068300355573,"radio-transmitter","Turdus leucomelas","1421","6","Radio telemetry study involving two species of birds of the genus Turdus sp. in Brazil. (Da Silveira et al., 2016 - PlosONE)"
1631311301,true,2013-09-08 11:26:00.000,-46.76422535336505,-22.96958770334761,"radio-transmitter","Turdus leucomelas","1421","6","Radio telemetry study involving two species of birds of the genus Turdus sp. in Brazil. (Da Silveira et al., 2016 - PlosONE)"
1631311302,true,2013-09-08 11:41:00.000,-46.76216231537365,-22.97068528027558,"radio-transmitter","Turdus leucomelas","1421","6","Radio telemetry study involving two species of birds of the genus Turdus sp. in Brazil. (Da Silveira et al., 2016 - PlosONE)"
1631311303,true,2013-09-08 11:56:00.000,-46.7623744980765,-22.9705023113953,"radio-transmitter","Turdus leucomelas","1421","6","Radio telemetry study involving two species of birds of the genus Turdus sp. in Brazil. (Da Silveira et al., 2016 - PlosONE)"
1631311304,true,2013-09-08 13:11:00.000,-46.7644101323087,-22.970299054738017,"radio-transmitter","Turdus leucomelas","1421","6","Radio telemetry study involving two species of birds of the genus Turdus sp. in Brazil. (Da Silveira et al., 2016 - PlosONE)"
1631311305,true,2013-09-08 13:26:00.000,-46.762064921293245,-22.970695393523332,"radio-transmitter","Turdus leucomelas","1421","6","Radio telemetry study involving two species of birds of the genus Turdus sp. in Brazil. (Da Silveira et al., 2016 - PlosONE)"
1631311306,true,2013-09-20 13:19:00.000,-46.763211658838706,-22.971134165397235,"radio-transmitter","Turdus leucomelas","1421","6","Radio telemetry study involving two species of birds of the genus Turdus sp. in Brazil. (Da Silveira et al., 2016 - PlosONE)"
1631311307,true,2013-12-14 17:00:00.000,-46.763737844105535,-22.971850749698977,"radio-transmitter","Turdus leucomelas","1421","6","Radio telemetry study involving two species of birds of the genus Turdus sp. in Brazil. (Da Silveira et al., 2016 - PlosONE)"
1631311308,true,2013-12-14 17:15:00.000,-46.76330044640301,-22.97196398225957,"radio-transmitter","Turdus leucomelas","1421","6","Radio telemetry study involving two species of birds of the genus Turdus sp. in Brazil. (Da Silveira et al., 2016 - PlosONE)"
1631311309,true,2013-12-15 18:32:00.000,-46.76364427551763,-22.96990120630316,"radio-transmitter","Turdus leucomelas","1421","6","Radio telemetry study involving two species of birds of the genus Turdus sp. in Brazil. (Da Silveira et al., 2016 - PlosONE)"
1631311310,true,2013-06-24 12:51:00.000,-46.744132860183875,-22.96636039225158,"radio-transmitter","Turdus rufiventris","1461","7","Radio telemetry study involving two species of birds of the genus Turdus sp. in Brazil. (Da Silveira et al., 2016 - PlosONE)"
1631311311,true,2013-07-06 10:52:00.000,-46.74284930391404,-22.967413023197174,"radio-transmitter","Turdus rufiventris","1461","7","Radio telemetry study involving two species of birds of the genus Turdus sp. in Brazil. (Da Silveira et al., 2016 - PlosONE)"
1631311312,true,2013-07-06 11:27:00.000,-46.742770601441514,-22.967359705118643,"radio-transmitter","Turdus rufiventris","1461","7","Radio telemetry study involving two species of birds of the genus Turdus sp. in Brazil. (Da Silveira et al., 2016 - PlosONE)"
1631311313,true,2013-07-06 11:45:00.000,-46.741447244318714,-22.9675909820104,"radio-transmitter","Turdus rufiventris","1461","7","Radio telemetry study involving two species of birds of the genus Turdus sp. in Brazil. (Da Silveira et al., 2016 - PlosONE)"
1631311314,true,2013-07-06 15:38:00.000,-46.74226019418867,-22.967103429438357,"radio-transmitter","Turdus rufiventris","1461","7","Radio telemetry study involving two species of birds of the genus Turdus sp. in Brazil. (Da Silveira et al., 2016 - PlosONE)"
1631311315,true,2013-07-06 16:00:00.000,-46.747089584863005,-22.966499414642694,"radio-transmitter","Turdus rufiventris","1461","7","Radio telemetry study involving two species of birds of the genus Turdus sp. in Brazil. (Da Silveira et al., 2016 - PlosONE)"
1631311316,true,2013-07-06 16:17:00.000,-46.74493925815503,-22.96764288693159,"radio-transmitter","Turdus rufiventris","1461","7","Radio telemetry study involving two species of birds of the genus Turdus sp. in Brazil. (Da Silveira et al., 2016 - PlosONE)"
1631311317,true,2013-07-06 16:31:00.000,-46.74430893775738,-22.967162174208525,"radio-transmitter","Turdus rufiventris","1461","7","Radio telemetry study involving two species of birds of the genus Turdus sp. in Brazil. (Da Silveira et al., 2016 - PlosONE)"
1631311318,true,2013-07-06 17:27:00.000,-46.741705777638735,-22.967217888598977,"radio-transmitter","Turdus rufiventris","1461","7","Radio telemetry study involving two species of birds of the genus Turdus sp. in Brazil. (Da Silveira et al., 2016 - PlosONE)"
1631311319,true,2013-07-06 17:50:00.000,-46.742745195353386,-22.966899425936326,"radio-transmitter","Turdus rufiventris","1461","7","Radio telemetry study involving two species of birds of the genus Turdus sp. in Brazil. (Da Silveira et al., 2016 - PlosONE)"
1631311320,true,2013-07-06 18:05:00.000,-46.742340545567004,-22.966524590441967,"radio-transmitter","Turdus rufiventris","1461","7","Radio telemetry study involving two species of birds of the genus Turdus sp. in Brazil. (Da Silveira et al., 2016 - PlosONE)"
1631311321,true,2013-07-07 11:25:00.000,-46.74579235799238,-22.967245180368643,"radio-transmitter","Turdus rufiventris","1461","7","Radio telemetry study involving two species of birds of the genus Turdus sp. in Brazil. (Da Silveira et al., 2016 - PlosONE)"
1631311322,true,2013-07-07 11:40:00.000,-46.74558758795031,-22.9672474353634,"radio-transmitter","Turdus rufiventris","1461","7","Radio telemetry study involving two species of birds of the genus Turdus sp. in Brazil. (Da Silveira et al., 2016 - PlosONE)"
1631311323,true,2013-07-07 11:59:00.000,-46.74616416294084,-22.96809898718592,"radio-transmitter","Turdus rufiventris","1461","7","Radio telemetry study involving two species of birds of the genus Turdus sp. in Brazil. (Da Silveira et al., 2016 - PlosONE)"
1631311324,true,2013-07-07 12:15:00.000,-46.74529039762554,-22.968406617975766,"radio-transmitter","Turdus rufiventris","1461","7","Radio telemetry study involving two species of birds of the genus Turdus sp. in Brazil. (Da Silveira et al., 2016 - PlosONE)"
1631311325,true,2013-07-07 12:55:00.000,-46.74142470094381,-22.968115002280822,"radio-transmitter","Turdus rufiventris","1461","7","Radio telemetry study involving two species of birds of the genus Turdus sp. in Brazil. (Da Silveira et al., 2016 - PlosONE)"
1631311326,true,2013-07-07 13:25:00.000,-46.74416323430266,-22.967967496660712,"radio-transmitter","Turdus rufiventris","1461","7","Radio telemetry study involving two species of birds of the genus Turdus sp. in Brazil. (Da Silveira et al., 2016 - PlosONE)"
1631311327,true,2013-07-07 16:52:00.000,-46.74384481032597,-22.968232886012323,"radio-transmitter","Turdus rufiventris","1461","7","Radio telemetry study involving two species of birds of the genus Turdus sp. in Brazil. (Da Silveira et al., 2016 - PlosONE)"
1631311328,true,2013-07-07 17:05:00.000,-46.742873180033946,-22.968514488693362,"radio-transmitter","Turdus rufiventris","1461","7","Radio telemetry study involving two species of birds of the genus Turdus sp. in Brazil. (Da Silveira et al., 2016 - PlosONE)"
1631311329,true,2013-07-07 17:15:00.000,-46.741990261101165,-22.968108788183212,"radio-transmitter","Turdus rufiventris","1461","7","Radio telemetry study involving two species of birds of the genus Turdus sp. in Brazil. (Da Silveira et al., 2016 - PlosONE)"
1631311330,true,2013-07-07 17:27:00.000,-46.74146408558603,-22.96738309405651,"radio-transmitter","Turdus rufiventris","1461","7","Radio telemetry study involving two species of birds of the genus Turdus sp. in Brazil. (Da Silveira et al., 2016 - PlosONE)"
1631311331,true,2013-07-07 17:39:00.000,-46.74075862351928,-22.967887523549475,"radio-transmitter","Turdus rufiventris","1461","7","Radio telemetry study involving two species of birds of the genus Turdus sp. in Brazil. (Da Silveira et al., 2016 - PlosONE)"
1631311332,true,2013-07-07 17:49:00.000,-46.74102178554411,-22.96787560287017,"radio-transmitter","Turdus rufiventris","1461","7","Radio telemetry study involving two species of birds of the genus Turdus sp. in Brazil. (Da Silveira et al., 2016 - PlosONE)"
1631311333,true,2013-07-07 18:03:00.000,-46.74098416930373,-22.967984382773697,"radio-transmitter","Turdus rufiventris","1461","7","Radio telemetry study involving two species of birds of the genus Turdus sp. in Brazil. (Da Silveira et al., 2016 - PlosONE)"
1631311334,true,2013-07-07 18:15:00.000,-46.74037054787007,-22.968045304321187,"radio-transmitter","Turdus rufiventris","1461","7","Radio telemetry study involving two species of birds of the genus Turdus sp. in Brazil. (Da Silveira et al., 2016 - PlosONE)"
1631311335,true,2013-07-07 18:40:00.000,-46.741602103394634,-22.96749897508244,"radio-transmitter","Turdus rufiventris","1461","7","Radio telemetry study involving two species of birds of the genus Turdus sp. in Brazil. (Da Silveira et al., 2016 - PlosONE)"
1631311336,true,2013-07-09 10:27:00.000,-46.74486323532929,-22.96703867681149,"radio-transmitter","Turdus rufiventris","1461","7","Radio telemetry study involving two species of birds of the genus Turdus sp. in Brazil. (Da Silveira et al., 2016 - PlosONE)"
1631311337,true,2013-07-09 10:42:00.000,-46.74419690846573,-22.967551720696086,"radio-transmitter","Turdus rufiventris","1461","7","Radio telemetry study involving two species of birds of the genus Turdus sp. in Brazil. (Da Silveira et al., 2016 - PlosONE)"
1631311338,true,2013-07-09 10:58:00.000,-46.74512835254807,-22.967938813467825,"radio-transmitter","Turdus rufiventris","1461","7","Radio telemetry study involving two species of birds of the genus Turdus sp. in Brazil. (Da Silveira et al., 2016 - PlosONE)"
1631311339,true,2013-07-09 11:28:00.000,-46.74516934019202,-22.967333315376216,"radio-transmitter","Turdus rufiventris","1461","7","Radio telemetry study involving two species of birds of the genus Turdus sp. in Brazil. (Da Silveira et al., 2016 - PlosONE)"
1631311340,true,2013-07-09 11:43:00.000,-46.744002719204374,-22.966858504556672,"radio-transmitter","Turdus rufiventris","1461","7","Radio telemetry study involving two species of birds of the genus Turdus sp. in Brazil. (Da Silveira et al., 2016 - PlosONE)"
1631311341,true,2013-07-09 11:58:00.000,-46.74455247985325,-22.967141433081608,"radio-transmitter","Turdus rufiventris","1461","7","Radio telemetry study involving two species of birds of the genus Turdus sp. in Brazil. (Da Silveira et al., 2016 - PlosONE)"
1631311342,true,2013-07-09 12:13:00.000,-46.744379859600535,-22.967369096519,"radio-transmitter","Turdus rufiventris","1461","7","Radio telemetry study involving two species of birds of the genus Turdus sp. in Brazil. (Da Silveira et al., 2016 - PlosONE)"
1631311343,true,2013-07-09 12:28:00.000,-46.74450256625192,-22.967051676850105,"radio-transmitter","Turdus rufiventris","1461","7","Radio telemetry study involving two species of birds of the genus Turdus sp. in Brazil. (Da Silveira et al., 2016 - PlosONE)"
1631311344,true,2013-07-09 12:43:00.000,-46.744645337775296,-22.967537755435025,"radio-transmitter","Turdus rufiventris","1461","7","Radio telemetry study involving two species of birds of the genus Turdus sp. in Brazil. (Da Silveira et al., 2016 - PlosONE)"
1631311345,true,2013-07-09 12:58:00.000,-46.744499321540374,-22.966798857073016,"radio-transmitter","Turdus rufiventris","1461","7","Radio telemetry study involving two species of birds of the genus Turdus sp. in Brazil. (Da Silveira et al., 2016 - PlosONE)"
1631311346,true,2013-07-09 15:38:00.000,-46.74360188840459,-22.966781638798114,"radio-transmitter","Turdus rufiventris","1461","7","Radio telemetry study involving two species of birds of the genus Turdus sp. in Brazil. (Da Silveira et al., 2016 - PlosONE)"
1631311347,true,2013-07-09 15:53:00.000,-46.744382426268174,-22.966809173974518,"radio-transmitter","Turdus rufiventris","1461","7","Radio telemetry study involving two species of birds of the genus Turdus sp. in Brazil. (Da Silveira et al., 2016 - PlosONE)"
1631311348,true,2013-07-09 16:08:00.000,-46.744842110763884,-22.966912481603543,"radio-transmitter","Turdus rufiventris","1461","7","Radio telemetry study involving two species of birds of the genus Turdus sp. in Brazil. (Da Silveira et al., 2016 - PlosONE)"
1631311349,true,2013-07-09 16:38:00.000,-46.74377008674585,-22.96696943036539,"radio-transmitter","Turdus rufiventris","1461","7","Radio telemetry study involving two species of birds of the genus Turdus sp. in Brazil. (Da Silveira et al., 2016 - PlosONE)"
1631311350,true,2013-07-09 17:08:00.000,-46.744769318840696,-22.96731965763254,"radio-transmitter","Turdus rufiventris","1461","7","Radio telemetry study involving two species of birds of the genus Turdus sp. in Brazil. (Da Silveira et al., 2016 - PlosONE)"
1631311351,true,2013-07-09 17:23:00.000,-46.744608667759145,-22.966960203667355,"radio-transmitter","Turdus rufiventris","1461","7","Radio telemetry study involving two species of birds of the genus Turdus sp. in Brazil. (Da Silveira et al., 2016 - PlosONE)"
1631311352,true,2013-07-09 17:38:00.000,-46.74460146639744,-22.967158955076673,"radio-transmitter","Turdus rufiventris","1461","7","Radio telemetry study involving two species of birds of the genus Turdus sp. in Brazil. (Da Silveira et al., 2016 - PlosONE)"
1631311353,true,2013-07-09 18:08:00.000,-46.74515924144313,-22.96730633490261,"radio-transmitter","Turdus rufiventris","1461","7","Radio telemetry study involving two species of birds of the genus Turdus sp. in Brazil. (Da Silveira et al., 2016 - PlosONE)"
1631311363,true,2013-08-23 09:42:00.000,-46.7602978631787,-22.970552479103667,"radio-transmitter","Turdus rufiventris","1512","8","Radio telemetry study involving two species of birds of the genus Turdus sp. in Brazil. (Da Silveira et al., 2016 - PlosONE)"
1631311362,true,2013-08-23 09:57:00.000,-46.76064562799273,-22.97029576266765,"radio-transmitter","Turdus rufiventris","1512","8","Radio telemetry study involving two species of birds of the genus Turdus sp. in Brazil. (Da Silveira et al., 2016 - PlosONE)"
1631311361,true,2013-08-23 10:12:00.000,-46.76045247746605,-22.970442395971236,"radio-transmitter","Turdus rufiventris","1512","8","Radio telemetry study involving two species of birds of the genus Turdus sp. in Brazil. (Da Silveira et al., 2016 - PlosONE)"
1631311360,true,2013-08-23 10:57:00.000,-46.7602572214297,-22.970426503510577,"radio-transmitter","Turdus rufiventris","1512","8","Radio telemetry study involving two species of birds of the genus Turdus sp. in Brazil. (Da Silveira et al., 2016 - PlosONE)"
1631311359,true,2013-08-23 11:12:00.000,-46.75979138970936,-22.970603255562622,"radio-transmitter","Turdus rufiventris","1512","8","Radio telemetry study involving two species of birds of the genus Turdus sp. in Brazil. (Da Silveira et al., 2016 - PlosONE)"
1631311358,true,2013-08-23 11:42:00.000,-46.757855005656594,-22.97244890427064,"radio-transmitter","Turdus rufiventris","1512","8","Radio telemetry study involving two species of birds of the genus Turdus sp. in Brazil. (Da Silveira et al., 2016 - PlosONE)"
1631311357,true,2013-08-23 12:23:00.000,-46.76061024974913,-22.970576100985735,"radio-transmitter","Turdus rufiventris","1512","8","Radio telemetry study involving two species of birds of the genus Turdus sp. in Brazil. (Da Silveira et al., 2016 - PlosONE)"
1631311372,true,2013-08-23 17:12:00.000,-46.763103516545065,-22.96956406370405,"radio-transmitter","Turdus rufiventris","1512","8","Radio telemetry study involving two species of birds of the genus Turdus sp. in Brazil. (Da Silveira et al., 2016 - PlosONE)"
1631311371,true,2013-08-23 17:27:00.000,-46.76229851287165,-22.96990714393876,"radio-transmitter","Turdus rufiventris","1512","8","Radio telemetry study involving two species of birds of the genus Turdus sp. in Brazil. (Da Silveira et al., 2016 - PlosONE)"
1631311370,true,2013-08-23 17:42:00.000,-46.76465123306568,-22.969339139624648,"radio-transmitter","Turdus rufiventris","1512","8","Radio telemetry study involving two species of birds of the genus Turdus sp. in Brazil. (Da Silveira et al., 2016 - PlosONE)"
1631311369,true,2013-08-23 17:57:00.000,-46.765793874263686,-22.96871234214578,"radio-transmitter","Turdus rufiventris","1512","8","Radio telemetry study involving two species of birds of the genus Turdus sp. in Brazil. (Da Silveira et al., 2016 - PlosONE)"
1631311368,true,2013-08-23 18:14:00.000,-46.76319385287335,-22.96976172957147,"radio-transmitter","Turdus rufiventris","1512","8","Radio telemetry study involving two species of birds of the genus Turdus sp. in Brazil. (Da Silveira et al., 2016 - PlosONE)"
1631311367,true,2013-08-23 18:44:00.000,-46.76561108489847,-22.968154488508915,"radio-transmitter","Turdus rufiventris","1512","8","Radio telemetry study involving two species of birds of the genus Turdus sp. in Brazil. (Da Silveira et al., 2016 - PlosONE)"
1631311366,true,2013-08-23 18:59:00.000,-46.761806710163384,-22.97033704420759,"radio-transmitter","Turdus rufiventris","1512","8","Radio telemetry study involving two species of birds of the genus Turdus sp. in Brazil. (Da Silveira et al., 2016 - PlosONE)"
1631311365,true,2013-08-23 19:14:00.000,-46.76334480454942,-22.970121269798465,"radio-transmitter","Turdus rufiventris","1512","8","Radio telemetry study involving two species of birds of the genus Turdus sp. in Brazil. (Da Silveira et al., 2016 - PlosONE)"
1631311364,true,2013-08-23 19:29:00.000,-46.76212650593219,-22.970179970954312,"radio-transmitter","Turdus rufiventris","1512","8","Radio telemetry study involving two species of birds of the genus Turdus sp. in Brazil. (Da Silveira et al., 2016 - PlosONE)"
1631311356,true,2013-08-25 09:52:00.000,-46.76079696618307,-22.96993286176199,"radio-transmitter","Turdus rufiventris","1512","8","Radio telemetry study involving two species of birds of the genus Turdus sp. in Brazil. (Da Silveira et al., 2016 - PlosONE)"
1631311355,true,2013-08-25 10:07:00.000,-46.76020350958047,-22.97079735034089,"radio-transmitter","Turdus rufiventris","1512","8","Radio telemetry study involving two species of birds of the genus Turdus sp. in Brazil. (Da Silveira et al., 2016 - PlosONE)"
1631311354,true,2013-08-25 10:29:00.000,-46.759231251104914,-22.970275345077727,"radio-transmitter","Turdus rufiventris","1512","8","Radio telemetry study involving two species of birds of the genus Turdus sp. in Brazil. (Da Silveira et al., 2016 - PlosONE)"
1631311373,true,2013-09-20 09:46:00.000,-46.7617402445342,-22.969723709546006,"radio-transmitter","Turdus leucomelas","1512_2","9","Radio telemetry study involving two species of birds of the genus Turdus sp. in Brazil. (Da Silveira et al., 2016 - PlosONE)"
1631311374,true,2013-09-20 10:15:00.000,-46.76476355548344,-22.96897666983299,"radio-transmitter","Turdus leucomelas","1512_2","9","Radio telemetry study involving two species of birds of the genus Turdus sp. in Brazil. (Da Silveira et al., 2016 - PlosONE)"
1631311375,true,2013-09-20 10:35:00.000,-46.76285616697389,-22.970794961128167,"radio-transmitter","Turdus leucomelas","1512_2","9","Radio telemetry study involving two species of birds of the genus Turdus sp. in Brazil. (Da Silveira et al., 2016 - PlosONE)"
1631311376,true,2013-09-20 10:50:00.000,-46.772720522776794,-22.967406887413766,"radio-transmitter","Turdus leucomelas","1512_2","9","Radio telemetry study involving two species of birds of the genus Turdus sp. in Brazil. (Da Silveira et al., 2016 - PlosONE)"
1631311377,true,2013-09-20 11:38:00.000,-46.76292585993961,-22.970153021402314,"radio-transmitter","Turdus leucomelas","1512_2","9","Radio telemetry study involving two species of birds of the genus Turdus sp. in Brazil. (Da Silveira et al., 2016 - PlosONE)"
1631311378,true,2013-09-20 11:56:00.000,-46.76284665010061,-22.97081312794876,"radio-transmitter","Turdus leucomelas","1512_2","9","Radio telemetry study involving two species of birds of the genus Turdus sp. in Brazil. (Da Silveira et al., 2016 - PlosONE)"
1631311379,true,2013-09-20 12:16:00.000,-46.76325593001682,-22.96853289274864,"radio-transmitter","Turdus leucomelas","1512_2","9","Radio telemetry study involving two species of birds of the genus Turdus sp. in Brazil. (Da Silveira et al., 2016 - PlosONE)"
1631311380,true,2013-09-20 12:30:00.000,-46.7633449771825,-22.96863123755433,"radio-transmitter","Turdus leucomelas","1512_2","9","Radio telemetry study involving two species of birds of the genus Turdus sp. in Brazil. (Da Silveira et al., 2016 - PlosONE)"
1631311381,true,2013-09-20 12:45:00.000,-46.76335204106144,-22.971430609667998,"radio-transmitter","Turdus leucomelas","1512_2","9","Radio telemetry study involving two species of birds of the genus Turdus sp. in Brazil. (Da Silveira et al., 2016 - PlosONE)"
1631311382,true,2013-11-15 11:13:00.000,-46.76457083892051,-22.970658484988746,"radio-transmitter","Turdus leucomelas","1512_2","9","Radio telemetry study involving two species of birds of the genus Turdus sp. in Brazil. (Da Silveira et al., 2016 - PlosONE)"
1631311383,true,2013-11-15 11:28:00.000,-46.76493116054488,-22.970618351273885,"radio-transmitter","Turdus leucomelas","1512_2","9","Radio telemetry study involving two species of birds of the genus Turdus sp. in Brazil. (Da Silveira et al., 2016 - PlosONE)"
1631311384,true,2013-11-15 12:58:00.000,-46.76474012506869,-22.97092751468959,"radio-transmitter","Turdus leucomelas","1512_2","9","Radio telemetry study involving two species of birds of the genus Turdus sp. in Brazil. (Da Silveira et al., 2016 - PlosONE)"
1631311385,true,2013-11-15 13:13:00.000,-46.764426448048674,-22.970804580103984,"radio-transmitter","Turdus leucomelas","1512_2","9","Radio telemetry study involving two species of birds of the genus Turdus sp. in Brazil. (Da Silveira et al., 2016 - PlosONE)"
1631311386,true,2014-02-22 10:28:00.000,-46.74437872033786,-22.9573993729063,"radio-transmitter","Turdus rufiventris","1512_3","10","Radio telemetry study involving two species of birds of the genus Turdus sp. in Brazil. (Da Silveira et al., 2016 - PlosONE)"
1631311387,true,2014-02-22 13:23:00.000,-46.75211357321299,-22.953756065394153,"radio-transmitter","Turdus rufiventris","1512_3","10","Radio telemetry study involving two species of birds of the genus Turdus sp. in Brazil. (Da Silveira et al., 2016 - PlosONE)"
1631311388,true,2014-02-22 13:40:00.000,-46.75115563621952,-22.953577004214313,"radio-transmitter","Turdus rufiventris","1512_3","10","Radio telemetry study involving two species of birds of the genus Turdus sp. in Brazil. (Da Silveira et al., 2016 - PlosONE)"
1631311389,true,2014-02-22 14:10:00.000,-46.75323304526065,-22.95284967045871,"radio-transmitter","Turdus rufiventris","1512_3","10","Radio telemetry study involving two species of birds of the genus Turdus sp. in Brazil. (Da Silveira et al., 2016 - PlosONE)"
1631311390,true,2014-02-22 16:10:00.000,-46.751664574995864,-22.95220777178155,"radio-transmitter","Turdus rufiventris","1512_3","10","Radio telemetry study involving two species of birds of the genus Turdus sp. in Brazil. (Da Silveira et al., 2016 - PlosONE)"
1631311391,true,2014-02-22 16:25:00.000,-46.7414718331159,-22.95123634791829,"radio-transmitter","Turdus rufiventris","1512_3","10","Radio telemetry study involving two species of birds of the genus Turdus sp. in Brazil. (Da Silveira et al., 2016 - PlosONE)"
1631311392,true,2014-02-22 16:40:00.000,-46.75134236505921,-22.952175207901522,"radio-transmitter","Turdus rufiventris","1512_3","10","Radio telemetry study involving two species of birds of the genus Turdus sp. in Brazil. (Da Silveira et al., 2016 - PlosONE)"
1631311393,true,2014-02-22 16:55:00.000,-46.75090164618925,-22.952026554585817,"radio-transmitter","Turdus rufiventris","1512_3","10","Radio telemetry study involving two species of birds of the genus Turdus sp. in Brazil. (Da Silveira et al., 2016 - PlosONE)"
1631311394,true,2014-02-22 17:10:00.000,-46.751429764879354,-22.95214715113949,"radio-transmitter","Turdus rufiventris","1512_3","10","Radio telemetry study involving two species of birds of the genus Turdus sp. in Brazil. (Da Silveira et al., 2016 - PlosONE)"
1631311395,true,2014-03-02 10:10:00.000,-46.75141782208531,-22.952734268425267,"radio-transmitter","Turdus rufiventris","1512_3","10","Radio telemetry study involving two species of birds of the genus Turdus sp. in Brazil. (Da Silveira et al., 2016 - PlosONE)"
1631311396,true,2014-03-02 10:20:00.000,-46.75058062172989,-22.953601413423794,"radio-transmitter","Turdus rufiventris","1512_3","10","Radio telemetry study involving two species of birds of the genus Turdus sp. in Brazil. (Da Silveira et al., 2016 - PlosONE)"
